username,fanCount,postLikes,postShares,postComments,
brandonmikesell23,2722,7,0,1,
brandonmikesell23,2722,7,0,1,
brandonmikesell23,2722,7,0,1,
brandonmikesell23,2722,7,0,1,
brandonmikesell23,2722,7,0,1,
brandonmikesell23,2722,7,0,1,
brandonmikesell23,2722,7,0,1,
brandonmikesell23,2722,7,0,1,
brandonmikesell23,2722,7,0,1,
brandonmikesell23,2722,7,0,1,
brandonmikesell23,2722,7,0,1,
brandonmikesell23,2722,7,0,1,
brandonmikesell23,2722,7,0,1,
brandonmikesell23,2722,7,0,1,
brandonmikesell23,2722,7,0,1,
brandonmikesell23,2722,7,0,1,
brandonmikesell23,2722,7,0,1,
brandonmikesell23,2722,7,0,1,
brandonmikesell23,2722,7,0,1,
brandonmikesell23,2722,7,0,1,
Jamieandersonsnow,167523,680,3,8,
brandonmikesell23,2722,7,0,1,
Jamieandersonsnow,167523,680,3,8,
brandonmikesell23,2722,7,0,1,
Jamieandersonsnow,167523,680,3,8,
brandonmikesell23,2722,7,0,1,
Jamieandersonsnow,167524,680,3,8,
brandonmikesell23,2722,7,0,1,
Jamieandersonsnow,167524,680,3,8,
brandonmikesell23,2722,7,0,1,
Jamieandersonsnow,167524,680,3,8,
Jamieandersonsnow,167524,680,3,8,
brandonmikesell23,2722,7,0,1,
brandonmikesell23,2722,7,0,1,
Jamieandersonsnow,167524,680,3,8,
brandonmikesell23,2722,7,0,1,
Jamieandersonsnow,167525,680,3,8,
aimeefullersnow,76126,
jeb.corliss,372937,
brandonmikesell23,2722,7,0,1,
Jamieandersonsnow,167525,680,3,8,
jeb.corliss,372937,
aimeefullersnow,76126,
brandonmikesell23,2722,7,0,1,
Jamieandersonsnow,167525,680,3,8,
aimeefullersnow,76126,
jeb.corliss,372937,
brandonmikesell23,2722,7,0,1,
Jamieandersonsnow,167526,680,3,8,
jeb.corliss,372937,
aimeefullersnow,76126,
brandonmikesell23,2722,7,0,1,
Jamieandersonsnow,167526,680,3,8,
aimeefullersnow,76126,
jeb.corliss,372937,
brandonmikesell23,2722,7,0,1,
Jamieandersonsnow,167526,680,3,8,
brandonmikesell23,2722,7,0,1,
Jamieandersonsnow,167526,680,3,8,
aimeefullersnow,76126,
jeb.corliss,372937,
brandonmikesell23,2722,7,0,1,
Jamieandersonsnow,167527,680,3,8,
brandonmikesell23,2722,7,0,1,
Jamieandersonsnow,167528,680,3,8,
brandonmikesell23,2722,7,0,1,
Jamieandersonsnow,167528,680,3,8,
aimeefullersnow,76126,
jeb.corliss,372937,
brandonmikesell23,2722,7,0,1,
Jamieandersonsnow,167528,680,3,8,
aimeefullersnow,76127,
jeb.corliss,372937,
brandonmikesell23,2722,7,0,1,
Jamieandersonsnow,167528,680,3,8,
jeb.corliss,372937,
aimeefullersnow,76126,
brandonmikesell23,2722,7,0,1,
Jamieandersonsnow,167528,680,3,8,
aimeefullersnow,76126,
jeb.corliss,372937,
brandonmikesell23,2722,7,0,1,
Jamieandersonsnow,167528,680,3,8,
aimeefullersnow,76126,
jeb.corliss,372937,
brandonmikesell23,2722,7,0,1,
Jamieandersonsnow,167528,680,3,8,
aimeefullersnow,76126,
jeb.corliss,372937,
brandonmikesell23,2722,7,0,1,
Jamieandersonsnow,167528,680,3,8,
aimeefullersnow,76126,
jeb.corliss,372937,
brandonmikesell23,2722,7,0,1,
Jamieandersonsnow,167527,680,3,8,
jeb.corliss,372937,
aimeefullersnow,76126,
brandonmikesell23,2722,7,0,1,
Jamieandersonsnow,167527,680,3,8,
aimeefullersnow,76126,
jeb.corliss,372937,
Jamieandersonsnow,167527,680,3,8,
brandonmikesell23,2722,7,0,1,
aimeefullersnow,76126,
jeb.corliss,372937,
brandonmikesell23,2722,7,0,1,
Jamieandersonsnow,167527,680,3,8,
aimeefullersnow,[object Object],
jeb.corliss,[object Object],
brandonmikesell23,[object Object],7,0,1,
Jamieandersonsnow,[object Object],680,3,8,
jeb.corliss,Jeb Corliss,372937,
aimeefullersnow,Aimee Fuller,76126,
aimeefullersnow,Aimee Fuller,76126,
jeb.corliss,Jeb Corliss,372937,
aimeefullersnow,Aimee Fuller,76126,
jeb.corliss,Jeb Corliss,372937,
brandonmikesell23,Brandon Mikesell,2722,7,0,1,
Jamieandersonsnow,Jamie Anderson,167527,680,3,8,
brandonmikesell23,Brandon Mikesell,2722,7,0,1,
brandonmikesell23,Brandon Mikesell,2722,7,0,1,
brandonmikesell23,Brandon Mikesell,2722,7,0,1,
brandonmikesell23,Brandon Mikesell,2722,7,0,1,
brandonmikesell23,Brandon Mikesell,2722,7,0,1,
brandonmikesell23,Brandon Mikesell,2722,7,0,1,
brandonmikesell23,Brandon Mikesell,2722,7,0,1,
brandonmikesell23,Brandon Mikesell,2722,7,0,1,
brandonmikesell23,Brandon Mikesell,2722,7,0,1,
brandonmikesell23,Brandon Mikesell,2722,7,0,1,
brandonmikesell23,Brandon Mikesell,2722,7,0,1,
brandonmikesell23,Brandon Mikesell,2722,7,0,1,
brandonmikesell23,Brandon Mikesell,2722,7,0,1,
brandonmikesell23,Brandon Mikesell,2722,7,0,1,
brandonmikesell23,Brandon Mikesell,2722,7,0,1,
brandonmikesell23,Brandon Mikesell,2722,7,0,1,
brandonmikesell23,Brandon Mikesell,2722,7,0,1,
brandonmikesell23,Brandon Mikesell,2722,7,0,1,
brandonmikesell23,Brandon Mikesell,2722,7,0,1,
brandonmikesell23,Brandon Mikesell,2722,7,0,1,
brandonmikesell23,Brandon Mikesell,2722,7,0,1,
brandonmikesell23,Brandon Mikesell,2722,7,0,1,
brandonmikesell23,Brandon Mikesell,2722,7,0,1,
brandonmikesell23,Brandon Mikesell,2722,7,0,1,
brandonmikesell23,Brandon Mikesell,2722,7,0,1,
brandonmikesell23,Brandon Mikesell,2722,7,0,1,
brandonmikesell23,Brandon Mikesell,2722,7,0,1,
brandonmikesell23,Brandon Mikesell,2722,7,0,1,
brandonmikesell23,Brandon Mikesell,2723,7,0,1,
brandonmikesell23,Brandon Mikesell,2723,7,0,1,
brandonmikesell23,Brandon Mikesell,2723,7,0,1,
brandonmikesell23,Brandon Mikesell,2723,7,0,1,
brandonmikesell23,Brandon Mikesell,2723,7,0,1,
brandonmikesell23,Brandon Mikesell,2723,7,0,1,
brandonmikesell23,Brandon Mikesell,2723,7,0,1,
brandonmikesell23,Brandon Mikesell,2723,7,0,1,
brandonmikesell23,Brandon Mikesell,2723,7,0,1,
brandonmikesell23,Brandon Mikesell,2723,7,0,1,
brandonmikesell23,Brandon Mikesell,2723,7,0,1,
brandonmikesell23,Brandon Mikesell,2723,7,0,1,
aimeefullersnow,Aimee Fuller,76155,
jeb.corliss,Jeb Corliss,372930,
brandonmikesell23,Brandon Mikesell,2723,7,0,1,
Jamieandersonsnow,Jamie Anderson,167558,679,3,8,
